campaign,genre,status
a-midsummer-nights-chaos,Fantasy,COMPLETE
academy-of-arcane-gastronomy,Fantasy,COMPLETE
academy-of-legends,Fantasy,COMPLETE
alchemical-insurgence,Fantasy,FRAMEWORK
ash-and-remembrance,Fantasy,FRAMEWORK
atomic-dawn,Fantasy,FRAMEWORK
baba-yagas-bargain,Fantasy,FRAMEWORK
battle-of-the-bands,Fantasy,FRAMEWORK
beneath-the-grassblade,Fantasy,FRAMEWORK
beyond-the-wall,Fantasy,FRAMEWORK
blood-of-the-einherjar,Fantasy,FRAMEWORK
bracers-of-liberl,Fantasy,FRAMEWORK
breath-of-the-slayer-corps,Fantasy,FRAMEWORK
breath-of-the-wilds,Fantasy,FRAMEWORK
brick-by-brick,Fantasy,FRAMEWORK
camp-half-blood-chronicles,Fantasy,FRAMEWORK
careful-what-you-wish,Fantasy,FRAMEWORK
checkmate-protocol,Fantasy,FRAMEWORK
children-of-the-planet,Fantasy,FRAMEWORK
children-of-the-stars,Fantasy,FRAMEWORK
chronicles-of-the-damned,Fantasy,FRAMEWORK
chronicles-of-the-somnolent-oracle,Fantasy,FRAMEWORK
clash-of-olympus,Fantasy,FRAMEWORK
classical-symphony-kingdom,Fantasy,FRAMEWORK
clockwork-elemental,Fantasy,FRAMEWORK
colossus-ascent,Fantasy,FRAMEWORK
combat-healer-chronicles,Fantasy,FRAMEWORK
concrete-dreams,Fantasy,FRAMEWORK
country-western-frontier,Fantasy,FRAMEWORK
courts-of-the-sidhe,Fantasy,FRAMEWORK
coyote-runs-with-wolves,Fantasy,FRAMEWORK
crisis-of-infinite-realms,Fantasy,FRAMEWORK
crouching-tiger-hidden-dragon,Fantasy,FRAMEWORK
crystal-caverns-conspiracy,Fantasy,FRAMEWORK
curse-of-the-black-pearl,Fantasy,FRAMEWORK
curse-of-the-sorcerer-king,Fantasy,FRAMEWORK
daemon-revolution,Fantasy,FRAMEWORK
daemons-of-the-dust,Fantasy,FRAMEWORK
dance-magic-dance,Fantasy,FRAMEWORK
dead-witch-walking,Fantasy,FRAMEWORK
death-and-dynasty,Fantasy,FRAMEWORK
death-and-rebirth,Fantasy,FRAMEWORK
death-descent,Fantasy,FRAMEWORK
death-flags-and-destiny,Fantasy,FRAMEWORK
death-metal-apocalypse,Fantasy,FRAMEWORK
defying-destiny,Fantasy,FRAMEWORK
descent-into-reverie,Fantasy,FRAMEWORK
dice-of-dominion,Fantasy,FRAMEWORK
dragonborn-ascendant,Fantasy,FRAMEWORK
drunken-master-training,Fantasy,FRAMEWORK
earths-breath,Fantasy,FRAMEWORK
earths-memory,Fantasy,FRAMEWORK
echoes-of-eternity,Fantasy,FRAMEWORK
echoes-of-lavos,Fantasy,FRAMEWORK
echoes-of-the-first-dawn,Fantasy,FRAMEWORK
edm-rave-dimension,Fantasy,FRAMEWORK
empire-in-flames,Fantasy,FRAMEWORK
empire-of-endless-courses,Fantasy,FRAMEWORK
enter-the-dragon,Fantasy,FRAMEWORK
escape-from-hell,Fantasy,FRAMEWORK
escape-from-zagreus,Fantasy,FRAMEWORK
eternal-nations-reborn,Fantasy,FRAMEWORK
factions-of-sigil,Fantasy,FRAMEWORK
fall-of-camelot,Fantasy,FRAMEWORK
fimbulwinters-chains,Fantasy,FRAMEWORK
fires-of-the-deep,Fantasy,FRAMEWORK
flavor-hunters-guild,Fantasy,FRAMEWORK
forged-in-darkness,Fantasy,FRAMEWORK
gears-and-grimoires,Fantasy,FRAMEWORK
gears-of-deus,Fantasy,FRAMEWORK
genre-collapse,Fantasy,FRAMEWORK
ghost-rock-frontier,Fantasy,FRAMEWORK
guardians-of-the-aurora-gate,Fantasy,FRAMEWORK
guilty-pleasures,Fantasy,FRAMEWORK
guymelef-destinies,Fantasy,FRAMEWORK
harvest-of-hope,Fantasy,FRAMEWORK
hearts-of-the-dragon-and-tiger,Fantasy,FRAMEWORK
heavy-metal-hell,Fantasy,FRAMEWORK
hextech-revolution,Fantasy,FRAMEWORK
houses-divided,Fantasy,FRAMEWORK
ink-and-blood,Fantasy,FRAMEWORK
interns-of-the-infernal-bureaucracy,Fantasy,FRAMEWORK
jotunheim-saga,Fantasy,FRAMEWORK
journey-of-the-monkey-king,Fantasy,FRAMEWORK
journey-to-the-western-paradise,Fantasy,FRAMEWORK
journey-to-the-world,Fantasy,FRAMEWORK
k-pop-idol-academy,Fantasy,FRAMEWORK
kart-champions-circuit,Fantasy,FRAMEWORK
kingdom-of-tomorrow,Fantasy,FRAMEWORK
kingdoms-of-the-droplet,Fantasy,FRAMEWORK
kingsmen-of-the-crystal-crown,Fantasy,FRAMEWORK
l-space-wanderers,Fantasy,FRAMEWORK
lightless-gardens,Fantasy,FRAMEWORK
lightnings-chosen,Fantasy,FRAMEWORK
lo-fi-study-dimension,Fantasy,FRAMEWORK
lords-of-the-shattered-ring,Fantasy,FRAMEWORK
magma-heart-rebellion,Fantasy,FRAMEWORK
masks-and-shadows,Fantasy,FRAMEWORK
monopolis-rising,Fantasy,FRAMEWORK
motes-in-the-giants-eye,Fantasy,FRAMEWORK
oath-of-the-forgotten,Fantasy,FRAMEWORK
oaths-of-the-radiant,Fantasy,FRAMEWORK
powder-revolution,Fantasy,FRAMEWORK
reapers-of-the-veil,Fantasy,FRAMEWORK
retrograde-catastrophe,Fantasy,FRAMEWORK
riddle-of-steel,Fantasy,FRAMEWORK
riders-of-alagaesia,Fantasy,FRAMEWORK
saga-of-the-stone-born,Fantasy,FRAMEWORK
scale-shift-awakening,Fantasy,FRAMEWORK
scales-of-maat,Fantasy,FRAMEWORK
secrets-of-the-archives,Fantasy,FRAMEWORK
shadow-of-the-withered-crown,Fantasy,FRAMEWORK
shards-of-the-sundered-star,Fantasy,FRAMEWORK
shinobi-clans-united,Fantasy,FRAMEWORK
sky-dominion,Fantasy,FRAMEWORK
sky-metal-kings,Fantasy,FRAMEWORK
slimes-and-sanctuary,Fantasy,FRAMEWORK
songs-of-the-great-spirit,Fantasy,FRAMEWORK
spirit-detective-chronicles,Fantasy,FRAMEWORK
spirit-of-the-dying-forest,Fantasy,FRAMEWORK
spirits-of-the-rising-sun,Fantasy,FRAMEWORK
stars-of-destiny,Fantasy,FRAMEWORK
steel-meets-sorcery,Fantasy,FRAMEWORK
stones-of-eternity,Fantasy,FRAMEWORK
taste-of-the-divine,Fantasy,FRAMEWORK
the-108-stars-rising,Fantasy,FRAMEWORK
the-academy-of-three-lions,Fantasy,FRAMEWORK
the-alchemists-burden,Fantasy,FRAMEWORK
the-alchemists-descent,Fantasy,FRAMEWORK
the-alliance-horde-pact,Fantasy,FRAMEWORK
the-ancient-network,Fantasy,FRAMEWORK
the-antikythera-orrery,Fantasy,FRAMEWORK
the-arcane-canvas-circus,Fantasy,FRAMEWORK
the-arcane-illusion,Fantasy,FRAMEWORK
the-archetypal-realm,Fantasy,FRAMEWORK
the-bards-of-bardston-high,Fantasy,FRAMEWORK
the-bathhouse-beyond,Fantasy,FRAMEWORK
the-betrayed-hero,Fantasy,FRAMEWORK
the-bioluminescent-expanse,Fantasy,FRAMEWORK
the-black-stone-corruption,Fantasy,FRAMEWORK
the-blank-tome,Fantasy,FRAMEWORK
the-bluff-imperium,Fantasy,FRAMEWORK
the-bridgeburners-last-march,Fantasy,FRAMEWORK
the-broken-knight,Fantasy,FRAMEWORK
the-buried-empire,Fantasy,FRAMEWORK
the-burning-season,Fantasy,FRAMEWORK
the-camorr-game,Fantasy,FRAMEWORK
the-cartographers-of-the-shifting-lands,Fantasy,FRAMEWORK
the-catan-concordat,Fantasy,FRAMEWORK
the-cathedral-of-shadows,Fantasy,FRAMEWORK
the-celestial-bureaucracy,Fantasy,FRAMEWORK
the-celestial-circuit,Fantasy,FRAMEWORK
the-checkered-throne,Fantasy,FRAMEWORK
the-chloroplast-chronicles,Fantasy,FRAMEWORK
the-city-of-the-wandering-colossus,Fantasy,FRAMEWORK
the-codex-of-lost-tomorrows,Fantasy,FRAMEWORK
the-cogwheel-crown,Fantasy,FRAMEWORK
the-coral-court-conspiracy,Fantasy,FRAMEWORK
the-coral-kingdoms-fall,Fantasy,FRAMEWORK
the-court-of-broken-promises,Fantasy,FRAMEWORK
the-crimson-kitchen,Fantasy,FRAMEWORK
the-crimson-rebirth,Fantasy,FRAMEWORK
the-crossing-to-dreamtime,Fantasy,FRAMEWORK
the-crystal-of-truth,Fantasy,FRAMEWORK
the-cube-realm-chronicles,Fantasy,FRAMEWORK
the-curse-of-thorns-and-roses,Fantasy,FRAMEWORK
the-dali-dimension,Fantasy,FRAMEWORK
the-demon-kings-shadow,Fantasy,FRAMEWORK
the-devils-bargain,Fantasy,FRAMEWORK
the-divine-comedy-quest,Fantasy,FRAMEWORK
the-dominion-protocol,Fantasy,FRAMEWORK
the-doorway-between-worlds,Fantasy,FRAMEWORK
the-eternal-relay,Fantasy,FRAMEWORK
the-ghost-of-midgard,Fantasy,COMPLETE
the-hermits-pilgrimage,Fantasy,COMPLETE
the-prophesied-child,Fantasy,COMPLETE
abyssal-descent,Horror,COMPLETE
arkham-investigations,Horror,FRAMEWORK
belly-of-the-beast,Horror,FRAMEWORK
beneath-the-sands,Horror,FRAMEWORK
calypsos-death-derby,Horror,FRAMEWORK
caverns-of-madness,Horror,FRAMEWORK
children-of-the-night,Horror,FRAMEWORK
cloverfield-emergence,Horror,FRAMEWORK
colossal-regret,Horror,FRAMEWORK
curse-of-the-jersey-devil,Horror,FRAMEWORK
curse-of-the-skinwalker,Horror,FRAMEWORK
deepnest-divergence,Horror,FRAMEWORK
descent-into-yomi,Horror,FRAMEWORK
domain-of-nightmares,Horror,FRAMEWORK
domains-of-dread,Horror,FRAMEWORK
event-horizon-station,Horror,FRAMEWORK
monsters-under-the-bed,Horror,FRAMEWORK
music-of-the-haunted-opera,Horror,FRAMEWORK
nights-of-blood,Horror,FRAMEWORK
onett-anomalies,Horror,FRAMEWORK
operation-cold-harbor,Horror,FRAMEWORK
possum-springs-nightmare,Horror,FRAMEWORK
releasing-control-art,Horror,FRAMEWORK
salem-hysteria,Horror,FRAMEWORK
seven-days-remain,Horror,FRAMEWORK
shadows-of-the-frozen-hour,Horror,FRAMEWORK
site-19-breach,Horror,FRAMEWORK
smile-for-me,Horror,FRAMEWORK
spiral-of-uzumaki,Horror,FRAMEWORK
star-eaters-wake,Horror,FRAMEWORK
the-ancient-ones-entertainment,Horror,FRAMEWORK
the-ashen-blight,Horror,FRAMEWORK
the-ashen-covenant,Horror,FRAMEWORK
the-black-eyed-visitors,Horror,FRAMEWORK
the-bleak-thorn-cycle,Horror,FRAMEWORK
the-blood-moon-siege,Horror,FRAMEWORK
the-bloodless-terror,Horror,FRAMEWORK
the-cannibal-peninsula,Horror,FRAMEWORK
the-cardslingers-gambit,Horror,FRAMEWORK
the-carrion-heart,Horror,FRAMEWORK
the-condemned-isles,Horror,FRAMEWORK
the-constants-curse,Horror,FRAMEWORK
the-creature-awakens,Horror,FRAMEWORK
the-crimson-masquerade,Horror,FRAMEWORK
the-crimson-wilderness,Horror,FRAMEWORK
the-curse-of-lea-monde,Horror,FRAMEWORK
the-dead-walk-among-us,Horror,FRAMEWORK
the-deep-hunters,Horror,FRAMEWORK
the-deepwater-cataclysm,Horror,FRAMEWORK
the-demon-barbers-revenge,Horror,FRAMEWORK
the-depths-of-madness,Horror,FRAMEWORK
the-dreaming-city,Horror,FRAMEWORK
the-dreaming-throne,Horror,FRAMEWORK
the-dreamscape-manifest,Horror,FRAMEWORK
the-drowned-citadel,Horror,FRAMEWORK
the-drowning-bargain,Horror,FRAMEWORK
the-drowning-world,Horror,FRAMEWORK
the-dungeon-weaver,Horror,FRAMEWORK
the-dusty-gates-of-irkalla,Horror,FRAMEWORK
the-eclipses-shadow,Horror,FRAMEWORK
the-elder-dragons-awakening,Horror,FRAMEWORK
the-eldritch-slip,Horror,FRAMEWORK
the-elemental-concordance,Horror,FRAMEWORK
the-emerald-abyss,Horror,FRAMEWORK
the-emotion-manifold,Horror,FRAMEWORK
the-emperors-crucible,Horror,FRAMEWORK
the-endless-deluge,Horror,FRAMEWORK
the-endless-delve,Horror,FRAMEWORK
the-endless-descent,Horror,FRAMEWORK
the-endless-loop,Horror,FRAMEWORK
the-eternal-return,Horror,FRAMEWORK
the-extinction-protocol,Horror,FRAMEWORK
the-faceless-stalker,Horror,FRAMEWORK
the-falling-star,Horror,FRAMEWORK
the-fauns-labyrinth,Horror,FRAMEWORK
the-final-examination,Horror,FRAMEWORK
the-first-temple,Horror,FRAMEWORK
the-flashpoint-paradox,Horror,FRAMEWORK
the-flesh-weavers-lament,Horror,FRAMEWORK
the-floating-fortress,Horror,FRAMEWORK
the-fools-journey,Horror,FRAMEWORK
the-forgotten-assassin,Horror,FRAMEWORK
the-forgotten-shelf,Horror,FRAMEWORK
the-fungal-frontier,Horror,FRAMEWORK
the-game-of-faces,Horror,FRAMEWORK
the-gingerbread-grave,Horror,FRAMEWORK
the-god-corpse-isles,Horror,FRAMEWORK
the-golden-fleece-expedition,Horror,FRAMEWORK
the-good-giants-war,Horror,FRAMEWORK
the-gourmet-abyss,Horror,FRAMEWORK
the-grails-corruption,Horror,FRAMEWORK
the-grand-theater,Horror,FRAMEWORK
the-graphite-scourge,Horror,FRAMEWORK
the-gray-veil-town,Horror,FRAMEWORK
the-gray-veil,Horror,FRAMEWORK
the-guild-of-endless-creation,Horror,FRAMEWORK
the-guillotines-shadow,Horror,FRAMEWORK
the-hackers-investigation,Horror,FRAMEWORK
the-hanged-perspective,Horror,FRAMEWORK
the-harbor-attack,Horror,FRAMEWORK
the-hidden-empress,Horror,FRAMEWORK
the-hollow-kingdom,Horror,FRAMEWORK
the-hundred-year-thorn,Horror,FRAMEWORK
the-hunters-dream,Horror,FRAMEWORK
the-hurricane-that-wouldnt-die,Horror,FRAMEWORK
the-immortal-arena,Horror,FRAMEWORK
the-immortal-prisoner,Horror,FRAMEWORK
the-industrial-underworld,Horror,FRAMEWORK
the-infinite-horizon,Horror,FRAMEWORK
the-infinite-repetition,Horror,FRAMEWORK
the-infinite-stacks,Horror,FRAMEWORK
the-infinity-stones,Horror,FRAMEWORK
the-inquisitors-flame,Horror,FRAMEWORK
the-instrumentality-project,Horror,FRAMEWORK
the-internet-is-alive,Horror,FRAMEWORK
the-invasion-within,Horror,FRAMEWORK
the-iron-prayer,Horror,FRAMEWORK
the-labyrinth-of-self,Horror,FRAMEWORK
the-labyrinth-of-slumber,Horror,FRAMEWORK
the-last-druid,Horror,FRAMEWORK
the-last-elemental,Horror,FRAMEWORK
the-last-exodus,Horror,FRAMEWORK
the-last-pharaoh,Horror,FRAMEWORK
the-leviathan-hunt,Horror,FRAMEWORK
the-living-bookmark,Horror,FRAMEWORK
the-living-mountains,Horror,FRAMEWORK
the-long-look,Horror,FRAMEWORK
the-lucid-labyrinth,Horror,FRAMEWORK
the-magitek-rebellion,Horror,FRAMEWORK
the-marked-assassin,Horror,FRAMEWORK
the-mathematical-prison,Horror,FRAMEWORK
the-mead-halls-last-stand,Horror,FRAMEWORK
the-midnight-masquerade,Horror,FRAMEWORK
the-monoliths-call,Horror,FRAMEWORK
the-moons-madness,Horror,FRAMEWORK
the-mothman-prophecies,Horror,FRAMEWORK
the-mourning-bells,Horror,FRAMEWORK
the-mourning-fields-of-kyshtym,Horror,FRAMEWORK
the-name-of-power,Horror,FRAMEWORK
the-never-ending-morning,Horror,FRAMEWORK
the-nightingale-company,Horror,FRAMEWORK
the-nine-courts-of-diyu,Horror,FRAMEWORK
the-nine-trials-of-mictlan,Horror,FRAMEWORK
the-nothing-rises,Horror,FRAMEWORK
the-old-world-endures,Horror,FRAMEWORK
the-overlook-sanatorium,Horror,FRAMEWORK
the-pale-leviathan,Horror,FRAMEWORK
the-pale-watcher,Horror,FRAMEWORK
the-paleblood-hunt,Horror,FRAMEWORK
the-path-of-monsters,Horror,FRAMEWORK
the-peoples-mask,Horror,FRAMEWORK
the-perfect-killer,Horror,FRAMEWORK
the-phantom-gauntlet,Horror,FRAMEWORK
the-planar-convergence,Horror,FRAMEWORK
the-planar-gathering,Horror,FRAMEWORK
the-plastic-war,Horror,FRAMEWORK
the-platinum-fork-trials,Horror,FRAMEWORK
the-poison-crown,Horror,FRAMEWORK
the-porcelain-court,Horror,FRAMEWORK
the-pressure-rift,Horror,FRAMEWORK
the-profilers-descent,Horror,FRAMEWORK
the-prophecy-of-three,Horror,FRAMEWORK
the-quiet-end,Horror,FRAMEWORK
the-readers-curse,Horror,FRAMEWORK
the-recipe-codex,Horror,FRAMEWORK
the-red-death-rising,Horror,FRAMEWORK
the-redline-grand-prix,Horror,FRAMEWORK
the-river-beast,Horror,FRAMEWORK
the-rivers-of-hades,Horror,FRAMEWORK
the-road-to-heavens-gate,Horror,FRAMEWORK
the-sand-swallowed-legion,Horror,FRAMEWORK
the-scarlet-wolf-hunt,Horror,FRAMEWORK
the-scourge-rises,Horror,FRAMEWORK
the-serpent-who-eats-the-sun,Horror,FRAMEWORK
the-seven-and-the-damned,Horror,FRAMEWORK
the-sevenfold-path,Horror,FRAMEWORK
the-shattered-perspectives,Horror,FRAMEWORK
the-shattered-sky,Horror,FRAMEWORK
the-shimmer-zone,Horror,FRAMEWORK
the-shrinking-realm,Horror,FRAMEWORK
the-silence-hunts,Horror,FRAMEWORK
the-sky-thiefs-gambit,Horror,FRAMEWORK
the-star-fallen-wound,Horror,FRAMEWORK
the-starfall-outcasts,Horror,FRAMEWORK
the-stars-are-right,Horror,FRAMEWORK
the-stuffing-within,Horror,FRAMEWORK
the-sunken-crown,Horror,FRAMEWORK
the-sunken-kingdom-of-zancig,Horror,FRAMEWORK
the-tall-mans-proxy,Horror,FRAMEWORK
the-tangent-universe,Horror,FRAMEWORK
the-tempests-gambit,Horror,FRAMEWORK
the-three-banners-war,Horror,FRAMEWORK
the-timelords-companion,Horror,COMPLETE
the-titans-awakening,Horror,FRAMEWORK
the-titans-dawn,Horror,FRAMEWORK
the-tomb-of-eternal-dominion,Horror,FRAMEWORK
the-tower-of-binding,Horror,FRAMEWORK
the-trapped-realm,Horror,FRAMEWORK
the-tree-of-life,Horror,FRAMEWORK
the-tricksters-tournament,Horror,FRAMEWORK
the-trophy-hunter,Horror,FRAMEWORK
the-unexpected-guardian,Horror,FRAMEWORK
the-upside-down-protocol,Horror,FRAMEWORK
the-valley-of-lost-cousins,Horror,FRAMEWORK
the-van-der-linde-legacy,Horror,FRAMEWORK
the-vanishing-village,Horror,FRAMEWORK
the-velveteen-gambit,Horror,FRAMEWORK
the-viral-curse,Horror,FRAMEWORK
the-void-between,Horror,FRAMEWORK
the-void-wanderers,Horror,FRAMEWORK
the-vortex-throne,Horror,FRAMEWORK
the-waking-reverie,Horror,FRAMEWORK
the-wckd-protocol,Horror,FRAMEWORK
the-web-of-infinite-champions,Horror,FRAMEWORK
the-weeping-womans-curse,Horror,FRAMEWORK
the-wendigo-hunger,Horror,FRAMEWORK
the-white-leviathan,Horror,FRAMEWORK
the-winchester-chronicles,Horror,FRAMEWORK
the-winden-paradox,Horror,FRAMEWORK
the-ymbryne-loop,Horror,FRAMEWORK
the-zodiac-eclipse,Horror,FRAMEWORK
threads-of-the-pattern,Horror,FRAMEWORK
threshold-descent,Horror,FRAMEWORK
titans-of-steel,Horror,FRAMEWORK
transhuman-ascension,Horror,FRAMEWORK
treasure-hunt-of-the-damned,Horror,FRAMEWORK
violent-delights,Horror,FRAMEWORK
wall-of-titans,Horror,FRAMEWORK
walls-of-last-hope,Horror,FRAMEWORK
walls-of-the-forsaken,Horror,FRAMEWORK
war-of-seven-kingdoms,Horror,FRAMEWORK
wavebreakers,Horror,FRAMEWORK
whalefall-conspiracy,Horror,FRAMEWORK
wheel-of-fate,Horror,FRAMEWORK
when-magic-rises,Horror,FRAMEWORK
when-stone-walks,Horror,FRAMEWORK
when-the-ice-comes,Horror,FRAMEWORK
wired-souls,Horror,COMPLETE
wrath-of-achilles,Horror,COMPLETE
wrath-of-the-phoenix,Horror,COMPLETE
xenomorph-protocol,Horror,COMPLETE
aethelgard-the-once-and-future-king,Sci-Fi,FRAMEWORK
agents-of-the-concordat,Sci-Fi,FRAMEWORK
aldnoah-drive-conspiracy,Sci-Fi,FRAMEWORK
alpha-predator-rising,Sci-Fi,FRAMEWORK
angel-descent,Sci-Fi,FRAMEWORK
anti-grav-league-wars,Sci-Fi,FRAMEWORK
arks-defenders-of-eternity,Sci-Fi,FRAMEWORK
bang-of-the-syndicate,Sci-Fi,FRAMEWORK
battle-school-ascendant,Sci-Fi,FRAMEWORK
battleworld-tournament,Sci-Fi,FRAMEWORK
belters-gambit,Sci-Fi,FRAMEWORK
beneath-the-surface,Sci-Fi,FRAMEWORK
breach-runners,Sci-Fi,FRAMEWORK
broadcast-anomaly,Sci-Fi,FRAMEWORK
capsuleer-empires,Sci-Fi,FRAMEWORK
children-of-the-angels,Sci-Fi,FRAMEWORK
chrome-flesh,Sci-Fi,FRAMEWORK
chronos-investigations-inc,Sci-Fi,FRAMEWORK
circuits-of-silicon-vale,Sci-Fi,FRAMEWORK
commanders-war,Sci-Fi,FRAMEWORK
contractors-of-hells-gate,Sci-Fi,FRAMEWORK
corporate-shadow-wars,Sci-Fi,FRAMEWORK
cycle-of-the-reapers,Sci-Fi,FRAMEWORK
defenders-of-the-realm,Sci-Fi,FRAMEWORK
depths-of-planet-4546b,Sci-Fi,FRAMEWORK
depths-of-the-nautilus,Sci-Fi,FRAMEWORK
digital-resistance,Sci-Fi,FRAMEWORK
districts-of-panem,Sci-Fi,FRAMEWORK
dont-lose-your-way,Sci-Fi,FRAMEWORK
echoes-of-the-dying-sun,Sci-Fi,FRAMEWORK
eco-wrath,Sci-Fi,FRAMEWORK
epochs-unbound,Sci-Fi,FRAMEWORK
eternal-sleeves,Sci-Fi,FRAMEWORK
first-hundred-legacy,Sci-Fi,FRAMEWORK
franxx-partners,Sci-Fi,FRAMEWORK
gauna-tide-rising,Sci-Fi,FRAMEWORK
gearless,Sci-Fi,FRAMEWORK
gears-of-the-republic,Sci-Fi,FRAMEWORK
geass-of-rebellion,Sci-Fi,FRAMEWORK
ghost-protocol,Sci-Fi,FRAMEWORK
gravity-runners,Sci-Fi,FRAMEWORK
guardians-of-the-last-light,Sci-Fi,FRAMEWORK
iron-exodus,Sci-Fi,FRAMEWORK
jaeger-protocol,Sci-Fi,FRAMEWORK
lambda-driver-protocols,Sci-Fi,FRAMEWORK
legacy-of-the-mach-5,Sci-Fi,FRAMEWORK
lost-battalion,Sci-Fi,FRAMEWORK
metaverse-exodus,Sci-Fi,FRAMEWORK
metaverse-ronin,Sci-Fi,FRAMEWORK
midnight-chrome,Sci-Fi,FRAMEWORK
mobile-infantry,Sci-Fi,FRAMEWORK
monster-island-expedition,Sci-Fi,FRAMEWORK
neo-tokyo-awakening,Sci-Fi,FRAMEWORK
neon-shadows,Sci-Fi,FRAMEWORK
neon-throne-rising,Sci-Fi,FRAMEWORK
netrunners-edge,Sci-Fi,FRAMEWORK
neural-drift,Sci-Fi,FRAMEWORK
obey-and-consume,Sci-Fi,FRAMEWORK
one-year-war,Sci-Fi,FRAMEWORK
petri-dish-empires,Sci-Fi,FRAMEWORK
pierce-the-heavens,Sci-Fi,FRAMEWORK
pilgrims-of-the-shrike,Sci-Fi,FRAMEWORK
princess-of-barsoom,Sci-Fi,FRAMEWORK
rapture-rising,Sci-Fi,FRAMEWORK
raptures-fall,Sci-Fi,FRAMEWORK
reality-corrupted,Sci-Fi,FRAMEWORK
rebellion-of-zero,Sci-Fi,FRAMEWORK
rimward-runners,Sci-Fi,FRAMEWORK
saviors-of-mongo,Sci-Fi,FRAMEWORK
scholars-of-seldon,Sci-Fi,FRAMEWORK
see-you-space-cowboy,Sci-Fi,FRAMEWORK
sentinels-of-the-dark-future,Sci-Fi,FRAMEWORK
serenity-rising,Sci-Fi,FRAMEWORK
shadows-of-the-precursors,Sci-Fi,FRAMEWORK
songstress-and-the-valkyrie,Sci-Fi,FRAMEWORK
sons-of-ares,Sci-Fi,FRAMEWORK
starfire-rebellion,Sci-Fi,FRAMEWORK
steam-war-chronicles,Sci-Fi,FRAMEWORK
steel-prophets,Sci-Fi,FRAMEWORK
street-samurai-legacy,Sci-Fi,FRAMEWORK
temporal-schism,Sci-Fi,FRAMEWORK
the-abyssal-frontier,Sci-Fi,FRAMEWORK
the-anomalous-continent-of-xylos,Sci-Fi,FRAMEWORK
the-aperture-protocol,Sci-Fi,FRAMEWORK
the-ascension-trials,Sci-Fi,FRAMEWORK
the-astral-rebellion,Sci-Fi,FRAMEWORK
the-belt-rises,Sci-Fi,FRAMEWORK
the-black-sphere-protocol,Sci-Fi,FRAMEWORK
the-blood-circuit,Sci-Fi,FRAMEWORK
the-bureaucratic-maze,Sci-Fi,FRAMEWORK
the-chronomancers-gambit,Sci-Fi,FRAMEWORK
the-chronos-commandos,Sci-Fi,FRAMEWORK
the-clockwork-conspiracy,Sci-Fi,FRAMEWORK
the-clockwork-paradox,Sci-Fi,FRAMEWORK
the-conquerors-heir,Sci-Fi,FRAMEWORK
the-cosmic-repo,Sci-Fi,FRAMEWORK
the-derelict-dyson-sphere,Sci-Fi,FRAMEWORK
the-divergence-protocol,Sci-Fi,FRAMEWORK
the-dream-thieves-guild,Sci-Fi,FRAMEWORK
the-dungeon-keepers-guild,Sci-Fi,FRAMEWORK
the-elder-dragon-migration,Sci-Fi,FRAMEWORK
the-ember-rebellion,Sci-Fi,FRAMEWORK
the-emotionless-regime,Sci-Fi,FRAMEWORK
the-endless-storm,Sci-Fi,FRAMEWORK
the-endless-theater,Sci-Fi,FRAMEWORK
the-endless-war-cycle,Sci-Fi,FRAMEWORK
the-eternal-shores-of-tir-na-nog,Sci-Fi,FRAMEWORK
the-faction-protocol,Sci-Fi,FRAMEWORK
the-fading-weave,Sci-Fi,FRAMEWORK
the-felidae-conspiracy,Sci-Fi,FRAMEWORK
the-final-chapter,Sci-Fi,FRAMEWORK
the-forgotten-huntress,Sci-Fi,FRAMEWORK
the-geometric-metropolis,Sci-Fi,FRAMEWORK
the-ghost-in-the-machine,Sci-Fi,FRAMEWORK
the-gilded-blight,Sci-Fi,FRAMEWORK
the-gilded-cage-of-automata,Sci-Fi,FRAMEWORK
the-gods-apology,Sci-Fi,FRAMEWORK
the-golden-colosseum,Sci-Fi,FRAMEWORK
the-grandmaster-legacy,Sci-Fi,FRAMEWORK
the-harvest-moon-academy,Sci-Fi,FRAMEWORK
the-heroes-paddle,Sci-Fi,FRAMEWORK
the-hollow-throne,Sci-Fi,FRAMEWORK
the-hue-of-justice,Sci-Fi,FRAMEWORK
the-humanoid-typhoon,Sci-Fi,FRAMEWORK
the-ink-revolution,Sci-Fi,FRAMEWORK
the-inversionist-heist,Sci-Fi,FRAMEWORK
the-iron-fist-path,Sci-Fi,FRAMEWORK
the-iron-throne-war,Sci-Fi,FRAMEWORK
the-kingsgame-gambit,Sci-Fi,FRAMEWORK
the-last-bloodline,Sci-Fi,FRAMEWORK
the-last-spice-war,Sci-Fi,FRAMEWORK
the-laughing-dragon-inn,Sci-Fi,FRAMEWORK
the-living-lights,Sci-Fi,FRAMEWORK
the-macedonian-conquest,Sci-Fi,FRAMEWORK
the-melody-of-fading-light,Sci-Fi,FRAMEWORK
the-memory-keepers,Sci-Fi,FRAMEWORK
the-memory-market-of-veridia,Sci-Fi,FRAMEWORK
the-memory-mines,Sci-Fi,FRAMEWORK
the-merchant-and-the-harvest-deity,Sci-Fi,FRAMEWORK
the-metal-dawn,Sci-Fi,FRAMEWORK
the-mirror-world,Sci-Fi,FRAMEWORK
the-mirrors-edge,Sci-Fi,FRAMEWORK
the-name-we-cannot-speak,Sci-Fi,FRAMEWORK
the-oneironauts-network,Sci-Fi,FRAMEWORK
the-oracle-fugitives,Sci-Fi,FRAMEWORK
the-organic-expanse,Sci-Fi,FRAMEWORK
the-over-prepared-champion,Sci-Fi,FRAMEWORK
the-phantoms-game,Sci-Fi,FRAMEWORK
the-psionic-cataclysm,Sci-Fi,FRAMEWORK
the-quantum-expedition,Sci-Fi,FRAMEWORK
the-quantum-heist,Sci-Fi,FRAMEWORK
the-rainbow-veil,Sci-Fi,FRAMEWORK
the-refracted-realm,Sci-Fi,FRAMEWORK
the-replicant-inquisition,Sci-Fi,FRAMEWORK
the-ruins-of-determination,Sci-Fi,FRAMEWORK
the-sapphire-court,Sci-Fi,FRAMEWORK
the-scribe-of-seawind-isle,Sci-Fi,FRAMEWORK
the-service-guild-of-genuine-hearts,Sci-Fi,FRAMEWORK
the-silent-drifter,Sci-Fi,FRAMEWORK
the-silverhand-heist,Sci-Fi,FRAMEWORK
the-slime-sovereign,Sci-Fi,FRAMEWORK
the-soil-microbiome-wars,Sci-Fi,FRAMEWORK
the-song-of-redemption,Sci-Fi,FRAMEWORK
the-spice-must-flow,Sci-Fi,FRAMEWORK
the-spice-wars,Sci-Fi,FRAMEWORK
the-standard-bearer,Sci-Fi,FRAMEWORK
the-starfall-rebellion,Sci-Fi,FRAMEWORK
the-storm-tithe,Sci-Fi,FRAMEWORK
the-temporal-conspiracy,Sci-Fi,FRAMEWORK
the-temporal-paradox,Sci-Fi,FRAMEWORK
the-ten-pledges,Sci-Fi,FRAMEWORK
the-ten-year-journey,Sci-Fi,FRAMEWORK
the-tenno-awakening,Sci-Fi,FRAMEWORK
the-thirteenth-sign,Sci-Fi,FRAMEWORK
the-titan-vanguard,Sci-Fi,FRAMEWORK
the-town-of-wishes,Sci-Fi,FRAMEWORK
the-underground-stars,Sci-Fi,FRAMEWORK
the-undines-of-aqua-prima,Sci-Fi,FRAMEWORK
the-unwritten-war,Sci-Fi,FRAMEWORK
the-walking-fortress,Sci-Fi,FRAMEWORK
the-wandering-hearth,Sci-Fi,FRAMEWORK
the-wasteland-run,Sci-Fi,FRAMEWORK
the-way-of-the-beskar,Sci-Fi,FRAMEWORK
the-way-of-the-sword,Sci-Fi,FRAMEWORK
the-wheel-of-naraka,Sci-Fi,FRAMEWORK
the-worldbreaker-tremors,Sci-Fi,FRAMEWORK
the-worldspeaker-protocol,Sci-Fi,FRAMEWORK
the-wyld-timeways,Sci-Fi,FRAMEWORK
the-zodiac-curse,Sci-Fi,FRAMEWORK
threads-of-fate,Sci-Fi,FRAMEWORK
tinker-tailor-wizard-spy,Sci-Fi,FRAMEWORK
velocity-1000,Sci-Fi,FRAMEWORK
void-reavers,Sci-Fi,FRAMEWORK
voyage-through-the-veins,Sci-Fi,FRAMEWORK
war-of-the-pantheons,Sci-Fi,FRAMEWORK
warriors-of-the-celestial-tournament,Sci-Fi,FRAMEWORK
wasteland-of-athas,Sci-Fi,FRAMEWORK
whips-and-relics,Sci-Fi,FRAMEWORK
who-knows-what-evil,Sci-Fi,COMPLETE
wildspace-corsairs,Sci-Fi,COMPLETE
winds-of-fortune,Sci-Fi,COMPLETE
wings-of-the-crows,Sci-Fi,COMPLETE
wings-of-the-void,Sci-Fi,COMPLETE
yard-sale-apocalypse,Sci-Fi,COMPLETE
all-that-jazz,Mystery,FRAMEWORK
blood-in-the-water,Mystery,FRAMEWORK
death-on-the-rails,Mystery,FRAMEWORK
deductions-of-baker-street,Mystery,FRAMEWORK
just-one-more-thing,Mystery,FRAMEWORK
mind-of-the-monster,Mystery,FRAMEWORK
murder-on-the-astral-express,Mystery,FRAMEWORK
objection-your-honorificence,Mystery,FRAMEWORK
shadows-of-inaba,Mystery,FRAMEWORK
shadows-of-manderley,Mystery,FRAMEWORK
sins-of-the-city,Mystery,FRAMEWORK
symbols-of-the-divine,Mystery,FRAMEWORK
tales-of-deception,Mystery,FRAMEWORK
ten-little-murders,Mystery,FRAMEWORK
the-authors-death,Mystery,FRAMEWORK
the-case-of-the-cinder-stained-slippers,Mystery,FRAMEWORK
the-chronos-loop-of-oakhaven,Mystery,FRAMEWORK
the-city-of-endless-night,Mystery,FRAMEWORK
the-city-of-whispering-shadows,Mystery,FRAMEWORK
the-cold-case-conspiracy,Mystery,FRAMEWORK
the-consulting-detective,Mystery,FRAMEWORK
the-dude-abides,Mystery,FRAMEWORK
the-endless-simulation,Mystery,FRAMEWORK
the-exiled-tales,Mystery,FRAMEWORK
the-five-serpents-revenge,Mystery,FRAMEWORK
the-forest-giant,Mystery,FRAMEWORK
the-generational-crown,Mystery,FRAMEWORK
the-gods-judgment,Mystery,FRAMEWORK
the-halls-of-valhalla,Mystery,FRAMEWORK
the-infinite-loop,Mystery,FRAMEWORK
the-justice-tyrant,Mystery,FRAMEWORK
the-last-score,Mystery,FRAMEWORK
the-nine-nine-precinct,Mystery,FRAMEWORK
the-pale-city-detective,Mystery,FRAMEWORK
the-perfect-crime,Mystery,FRAMEWORK
the-scales-of-maat,Mystery,FRAMEWORK
the-serene-republic-of-masks,Mystery,FRAMEWORK
the-shadow-architect,Mystery,FRAMEWORK
the-verdant-codex,Mystery,COMPLETE
the-watchmen-protocol,Mystery,COMPLETE
the-white-wolfs-hunt,Mystery,COMPLETE
the-wires-game,Mystery,COMPLETE
thieves-of-the-cognitive-palace,Mystery,COMPLETE
winters-ambassadors,Mystery,COMPLETE
arc-of-orleans,Historical,FRAMEWORK
architects-of-eternity,Historical,FRAMEWORK
blades-of-the-holy-war,Historical,FRAMEWORK
blood-and-honor,Historical,FRAMEWORK
by-order-of-the-blades,Historical,FRAMEWORK
conquistadors-new-world,Historical,FRAMEWORK
crossing-the-rubicon,Historical,FRAMEWORK
defender-of-the-holy-city,Historical,FRAMEWORK
empire-of-ages,Historical,FRAMEWORK
empire-of-the-steppes,Historical,FRAMEWORK
fall-of-the-last-legion,Historical,FRAMEWORK
fate-of-the-eternal-city,Historical,FRAMEWORK
fearless-philosophy,Historical,FRAMEWORK
freedom-or-death,Historical,FRAMEWORK
gates-of-uruk,Historical,FRAMEWORK
ip-man-protector,Historical,FRAMEWORK
khans-unstoppable-horde,Historical,FRAMEWORK
pneumatic-league,Historical,FRAMEWORK
quest-for-immortality,Historical,FRAMEWORK
red-winter-rising,Historical,FRAMEWORK
saga-of-the-northmen,Historical,FRAMEWORK
saladin-uniter-of-kingdoms,Historical,FRAMEWORK
stand-at-the-hot-gates,Historical,FRAMEWORK
the-art-of-war,Historical,FRAMEWORK
the-barricade-revolution,Historical,FRAMEWORK
the-black-death-chronicles,Historical,FRAMEWORK
the-bronze-age-saga,Historical,FRAMEWORK
the-corsican-ascension,Historical,FRAMEWORK
the-cupboard-wars,Historical,FRAMEWORK
the-endless-azure,Historical,FRAMEWORK
the-eternal-flight,Historical,FRAMEWORK
the-grand-conjunction,Historical,FRAMEWORK
the-heroes-registration-act,Historical,FRAMEWORK
the-immune-legion,Historical,FRAMEWORK
the-love-war-of-silvermoor-academy,Historical,FRAMEWORK
the-maid-of-orleans,Historical,FRAMEWORK
the-quicksilver-verses,Historical,FRAMEWORK
the-void-knight-academy,Historical,FRAMEWORK
the-weather-weavers,Historical,COMPLETE
tides-of-fortune,Historical,COMPLETE
tides-of-the-trident-throne,Historical,COMPLETE
twilight-of-the-nine-realms,Historical,COMPLETE
war-of-the-elements,Historical,COMPLETE
way-of-the-fading-blade,Historical,COMPLETE
after-the-starfall,Post-Apocalyptic,COMPLETE
dust-devils-due,Post-Apocalyptic,COMPLETE
road-warriors-of-the-wasteland,Post-Apocalyptic,FRAMEWORK
rose-city-warlords,Post-Apocalyptic,FRAMEWORK
the-cordyceps-crown,Post-Apocalyptic,FRAMEWORK
the-crimson-games,Post-Apocalyptic,FRAMEWORK
the-devils-herd,Post-Apocalyptic,FRAMEWORK
the-eternal-court-war,Post-Apocalyptic,FRAMEWORK
the-exodus-of-ash-and-ice,Post-Apocalyptic,FRAMEWORK
the-fever-of-the-world,Post-Apocalyptic,FRAMEWORK
the-glassflame-tower,Post-Apocalyptic,FRAMEWORK
the-glow-beneath,Post-Apocalyptic,FRAMEWORK
the-greatest-trick,Post-Apocalyptic,FRAMEWORK
the-last-caravan,Post-Apocalyptic,FRAMEWORK
the-lovers-crucible,Post-Apocalyptic,FRAMEWORK
the-northern-fury,Post-Apocalyptic,FRAMEWORK
the-nucleus-kingdoms,Post-Apocalyptic,FRAMEWORK
the-price-of-steel,Post-Apocalyptic,FRAMEWORK
the-raid-ascent,Post-Apocalyptic,FRAMEWORK
the-reef-mind,Post-Apocalyptic,FRAMEWORK
the-three-hundred-shields,Post-Apocalyptic,FRAMEWORK
the-towers-fall,Post-Apocalyptic,FRAMEWORK
the-virgin-queens-legacy,Post-Apocalyptic,FRAMEWORK
the-wasteland-sovereign,Post-Apocalyptic,FRAMEWORK
the-wipe-cycle,Post-Apocalyptic,FRAMEWORK
wasteland-rebellion,Post-Apocalyptic,COMPLETE
wheel-of-dharma,Post-Apocalyptic,COMPLETE
when-stars-walk,Post-Apocalyptic,COMPLETE
agents-of-concordia,Intrigue,COMPLETE
all-for-one,Intrigue,FRAMEWORK
atomic-arcana,Intrigue,FRAMEWORK
beneath-the-watching-eye,Intrigue,FRAMEWORK
hero-nameless-warrior,Intrigue,FRAMEWORK
operation-dragonmark,Intrigue,FRAMEWORK
operation-family-deception,Intrigue,FRAMEWORK
project-mayhem-rising,Intrigue,FRAMEWORK
rank-and-deception,Intrigue,FRAMEWORK
shadow-bureau-protocols,Intrigue,FRAMEWORK
the-cipher-identity,Intrigue,FRAMEWORK
the-color-code-conspiracy,Intrigue,FRAMEWORK
the-continental-accord,Intrigue,FRAMEWORK
the-count-of-vengeance,Intrigue,FRAMEWORK
the-death-note-gambit,Intrigue,FRAMEWORK
the-deep-cover-covenant,Intrigue,FRAMEWORK
the-devils-doctor,Intrigue,FRAMEWORK
the-diamond-underworld,Intrigue,FRAMEWORK
the-eternal-feast,Intrigue,COMPLETE
the-impossible-vault,Intrigue,COMPLETE
the-revolutionaries-anthem,Intrigue,COMPLETE
the-seekers-trial,Intrigue,COMPLETE
war-in-heaven,Intrigue,COMPLETE
can-you-dig-it,Urban,FRAMEWORK
cartel-wars,Urban,FRAMEWORK
central-city-noir,Urban,FRAMEWORK
city-of-angels-city-of-sin,Urban,FRAMEWORK
crash-and-burn-paradise,Urban,FRAMEWORK
fates-warning,Urban,COMPLETE
grind-city-prophets,Urban,FRAMEWORK
hip-hop-street-empire,Urban,FRAMEWORK
jazz-noir-city,Urban,FRAMEWORK
lagoon-company-chronicles,Urban,FRAMEWORK
most-wanted-blacklist,Urban,FRAMEWORK
no-day-but-today,Urban,FRAMEWORK
punk-rock-rebellion,Urban,FRAMEWORK
reaching-one-hundred-percent,Urban,FRAMEWORK
rivers-of-london,Urban,FRAMEWORK
rosemary-and-rue,Urban,FRAMEWORK
shadowhunters-ascendant,Urban,FRAMEWORK
sharn-city-of-towers,Urban,FRAMEWORK
st-mercys-magical-menagerie,Urban,FRAMEWORK
storms-over-chicago,Urban,FRAMEWORK
streets-of-hammerfast,Urban,FRAMEWORK
the-adolescence-anomalies,Urban,FRAMEWORK
the-arcane-league,Urban,FRAMEWORK
the-ascendants,Urban,FRAMEWORK
the-blue-dragon,Urban,FRAMEWORK
the-casino-of-souls,Urban,FRAMEWORK
the-chosen-slayer,Urban,COMPLETE
the-coffee-and-tragedy,Urban,COMPLETE
the-crimson-thread-of-silverport,Urban,COMPLETE
the-dark-lords-day-job,Urban,COMPLETE
the-village-of-quiet-seasons,Urban,COMPLETE
above-the-cloudline,Adventure,COMPLETE
against-the-titans,Adventure,COMPLETE
as-you-wish,Adventure,FRAMEWORK
ascension-protocol,Adventure,FRAMEWORK
beast-of-skull-isle,Adventure,FRAMEWORK
blades-of-glory,Adventure,FRAMEWORK
court-of-redemption,Adventure,FRAMEWORK
ghost-who-walks,Adventure,FRAMEWORK
gold-and-vengeance,Adventure,FRAMEWORK
impossible-heist-protocol,Adventure,FRAMEWORK
journey-to-the-inner-world,Adventure,FRAMEWORK
lord-of-the-jungle,Adventure,FRAMEWORK
man-of-bronze,Adventure,FRAMEWORK
mark-of-the-fox,Adventure,FRAMEWORK
mountain-pass-legends,Adventure,FRAMEWORK
ong-bak-sacred-guardian,Adventure,FRAMEWORK
order-of-the-excavation,Adventure,FRAMEWORK
seven-swords-for-hire,Adventure,FRAMEWORK
summit-of-the-self,Adventure,FRAMEWORK
sunflower-samurai-quest,Adventure,FRAMEWORK
sunless-seas,Adventure,FRAMEWORK
tales-from-the-campfire-chronicles,Adventure,FRAMEWORK
the-36th-chamber,Adventure,FRAMEWORK
the-absurd-academy,Adventure,FRAMEWORK
the-absurd-quest-for-the-golden-spatula,Adventure,FRAMEWORK
the-crimson-spire,Adventure,FRAMEWORK
the-lightning-runner,Adventure,COMPLETE
the-spire-ascendant,Adventure,COMPLETE
